{"cameraMode":{"drawMode":0,"name":"Shaded","section":"Shading Mode"},"sceneLighting":true,"audioPlay":false,"sceneViewState":{"showFog":false,"showMaterialUpdate":false,"showSkybox":false,"showFlares":false,"showImageEffects":false,"showParticleSystems":false},"in2DMode":false,"pivot":{"x":-8.163822174072266,"y":-2.807840585708618,"z":8.800323486328125},"rotation":{"x":0.024287808686494829,"y":-0.9080767631530762,"z":0.05318322405219078,"w":0.41470345854759219},"size":18.186532974243165,"orthographic":false}